id,popularity,vote_average,vote_count
238,87.259,8.7,16607.0
278,74.45,8.7,22327.0
240,53.295,8.6,10043.0
19404,39.465,8.6,3875.0
424,51.786,8.6,13238.0
667257,11.519,8.5,269.0
129,98.981,8.5,13359.0
372058,140.708,8.5,9073.0
389,31.99,8.5,6673.0
496243,83.701,8.5,14416.0
724089,11.886,8.5,1437.0
696374,12.04,8.5,2286.0
497,67.037,8.5,14412.0
372754,14.004,8.5,257.0
155,117.409,8.5,28278.0
553512,23.651,8.5,365.0
730154,36.005,8.5,351.0
680,57.669,8.5,23795.0
429,47.402,8.5,6865.0
122,195.456,8.5,20202.0
13,73.926,8.5,23335.0
761053,32.477,8.5,988.0
769,38.136,8.5,10499.0
11216,25.748,8.5,3458.0
346,19.643,8.5,2785.0
637,45.626,8.5,11331.0
12477,0.6,8.4,4305.0
311,32.527,8.4,4337.0
14537,14.35,8.4,672.0
539,47.806,8.4,8413.0
550,72.305,8.4,24817.0
40096,9.556,8.4,918.0
510,22.84,8.4,8846.0
704264,60.358,8.4,239.0
598,42.57,8.4,6005.0
255709,19.018,8.4,429.0
652837,81.777,8.4,265.0
324857,112.486,8.4,11767.0
92321,0.6,8.4,838.0
378064,100.236,8.4,3112.0
4935,84.469,8.4,7617.0
18491,38.254,8.4,1147.0
283566,64.168,8.4,555.0
1891,29.579,8.4,14573.0
795607,14.813,8.4,206.0
568300,10.944,8.4,383.0
120,190.651,8.4,21524.0
599,17.314,8.4,2033.0
423,36.73,8.4,7505.0
3782,12.095,8.4,825.0
20334,12.377,8.4,538.0
157336,135.637,8.4,29378.0
244786,63.889,8.4,12566.0
762975,186.954,8.4,1500.0
121,182.675,8.4,18677.0
73,34.395,8.4,9842.0
441130,25.784,8.4,828.0
567,21.447,8.4,5333.0
361743,1645.58,8.4,3887.0
27205,101.063,8.4,32301.0
901,16.788,8.4,1701.0
533514,95.942,8.4,272.0
807,62.657,8.4,17643.0
12493,14.727,8.4,613.0
914,19.646,8.4,2705.0
128,45.236,8.4,6534.0
644479,12.294,8.4,474.0
632632,47.883,8.3,329.0
274,11.891,8.3,13701.0
630566,21.686,8.3,875.0
635302,601.25,8.3,2702.0
207,36.811,8.3,9389.0
101,44.945,8.3,12465.0
3082,11.799,8.3,3046.0
25237,19.049,8.3,989.0
527641,76.52,8.3,4903.0
335,21.079,8.3,3506.0
105,55.821,8.3,16976.0
447362,70.935,8.3,1147.0
618344,45.787,8.3,1220.0
975,14.539,8.3,2265.0
556574,15.077,8.3,1014.0
16672,11.935,8.3,302.0
15804,10.999,8.3,206.0
10494,24.568,8.3,1805.0
28,24.514,8.3,6727.0
29259,11.625,8.3,340.0
10376,20.284,8.3,1899.0
299534,175.265,8.3,21795.0
265177,11.63,8.3,2358.0
537061,41.246,8.3,687.0
572154,62.876,8.3,405.0
637920,42.893,8.3,4002.0
18148,9.654,8.3,790.0
42269,7.371,8.3,437.0
670,29.624,8.3,6936.0
522924,27.409,8.3,1107.0
77338,81.948,8.3,14980.0
299536,310.562,8.3,25430.0
290098,46.323,8.3,2828.0
508965,26.933,8.3,3051.0
1585,29.733,8.3,3430.0
518068,91.036,8.3,393.0
8587,214.097,8.3,15744.0
476292,56.391,8.3,485.0
797,13.646,8.3,1687.0
791373,245.703,8.3,8149.0
110420,45.568,8.3,1848.0
592350,169.369,8.3,966.0
24188,9.559,8.3,586.0
504253,69.982,8.3,1076.0
823754,10.724,8.2,264.0
532067,107.431,8.2,415.0
5156,15.079,8.2,1905.0
490132,41.156,8.2,9369.0
755812,177.873,8.2,934.0
575813,26.603,8.2,267.0
37257,12.298,8.2,1027.0
422,14.084,8.2,1843.0
31414,19.704,8.2,200.0
313106,11.728,8.2,656.0
354912,284.64,8.2,16148.0
10098,14.638,8.2,1642.0
2457,9.77,8.2,303.0
284,20.832,8.2,1776.0
664767,48.3,8.2,1128.0
185,39.843,8.2,10964.0
1398,18.505,8.2,1638.0
694,61.87,8.2,14856.0
490,14.293,8.2,2415.0
26451,8.023,8.2,611.0
610892,47.096,8.2,270.0
20532,11.892,8.2,272.0
531428,24.546,8.2,1874.0
16869,78.734,8.2,19211.0
426,25.582,8.2,4745.0
11,79.744,8.2,17705.0
470044,34.845,8.2,1815.0
98,62.435,8.2,15562.0
398818,82.89,8.2,10521.0
629,26.722,8.2,8834.0
1124,34.918,8.2,13419.0
857,57.057,8.2,13442.0
50014,108.004,8.2,6696.0
663558,72.196,8.2,300.0
77,34.339,8.2,12609.0
399106,13.93,8.2,1396.0
11324,60.864,8.2,20468.0
324786,272.261,8.2,11442.0
603,66.145,8.2,22099.0
526702,11.584,8.2,274.0
620683,6.68,8.2,428.0
545611,154.368,8.2,1744.0
517814,21.611,8.2,1325.0
508442,137.644,8.2,8403.0
406997,31.633,8.2,7011.0
872,21.97,8.2,2515.0
831827,74.467,8.2,296.0
19,19.414,8.2,2142.0
475557,139.173,8.2,21290.0
133919,5.851,8.2,259.0
289,17.426,8.2,4381.0
103,38.821,8.2,9788.0
400608,8.202,8.2,298.0
472454,11.333,8.2,277.0
11878,17.533,8.2,1096.0
705,9.919,8.2,1242.0
606856,52.314,8.2,1590.0
439,17.392,8.2,1535.0
20914,7.379,8.2,599.0
111,87.527,8.2,9602.0
1422,38.482,8.2,12736.0
992,11.197,8.2,703.0
100,9.491,8.2,5587.0
666,12.099,8.2,688.0
68718,59.867,8.2,23034.0
895,11.251,8.2,596.0
600354,23.43,8.2,2268.0
55823,7.125,8.2,297.0
654299,17.088,8.1,298.0
548,15.685,8.1,1715.0
500,34.12,8.1,12217.0
17663,15.531,8.1,205.0
600,46.542,8.1,8786.0
996,10.169,8.1,1412.0
489,41.885,8.1,9964.0
640344,6.223,8.1,452.0
935,19.167,8.1,4633.0
348,63.269,8.1,12036.0
239,23.658,8.1,2814.0
614,14.655,8.1,1297.0
615457,118.558,8.1,5061.0
337404,322.84,8.1,7501.0
149871,20.909,8.1,1382.0
411088,41.466,8.1,3858.0
24382,8.688,8.1,580.0
655,15.746,8.1,1328.0
37165,49.04,8.1,15242.0
12445,156.25,8.1,17719.0
3780,11.206,8.1,246.0
832,16.848,8.1,1662.0
92060,10.707,8.1,453.0
638507,45.276,8.1,717.0
5801,10.761,8.1,284.0
843,20.973,8.1,1983.0
529531,5.901,8.1,229.0
38288,5.507,8.1,328.0
9764,11.032,8.1,368.0
785534,23.012,8.1,299.0
347688,19.187,8.1,236.0
42229,6.778,8.1,532.0
38,45.601,8.1,12622.0
397567,92.371,8.1,685.0
55960,6.23,8.1,283.0
46738,23.616,8.1,2001.0
11659,8.19,8.1,434.0
7345,20.997,8.1,5319.0
359940,23.333,8.1,8731.0
103663,18.906,8.1,3232.0
843906,105.641,8.1,315.0
652722,13.24,8.1,299.0
4348,52.371,8.1,6722.0
334543,22.664,8.1,5824.0
574074,10.717,8.1,274.0
780,11.334,8.1,692.0
406,15.49,8.1,3138.0
147,15.066,8.1,1717.0
81481,22.087,8.1,415.0
280,73.989,8.1,10691.0
1955,18.756,8.1,2758.0
387,23.923,8.1,1735.0
449176,26.552,8.1,5471.0
20941,51.245,8.1,359.0
9702,79.173,8.1,953.0
62,37.661,8.1,9619.0
550776,20.648,8.1,439.0
19426,9.2,8.1,578.0
282848,8.531,8.1,251.0
21634,13.953,8.1,477.0
11645,16.614,8.1,1178.0
19542,9.258,8.1,467.0
515001,33.13,8.1,7767.0
14696,12.634,8.1,423.0
8392,47.826,8.1,6385.0
437068,18.053,8.1,701.0
10681,76.947,8.1,16143.0
381284,110.466,8.1,8092.0
20530,7.714,8.1,290.0
146233,53.401,8.1,9580.0
7347,45.583,8.1,1855.0
1396,11.317,8.1,703.0
8422,8.093,8.1,431.0
893941,31.282,8.1,201.0
11423,23.215,8.1,2852.0
821,15.377,8.1,582.0
339877,19.18,8.1,2125.0
538362,9.213,8.1,1742.0
458220,167.528,8.1,884.0
120467,32.583,8.1,12632.0
400928,73.086,8.1,4499.0
264644,21.044,8.0,8173.0
26022,25.967,8.0,1060.0
455661,6.396,8.0,922.0
11104,28.602,8.0,1264.0
568160,88.268,8.0,1586.0
115929,11.696,8.0,233.0
582,14.165,8.0,3013.0
204,10.334,8.0,662.0
482321,161.173,8.0,1409.0
110416,15.741,8.0,1151.0
595,15.964,8.0,2114.0
678580,38.561,8.0,323.0
28978,9.971,8.0,599.0
634649,998.765,8.0,15190.0
310569,8.993,8.0,620.0
938,18.84,8.0,3200.0
698948,160.249,8.0,673.0
429210,6.06,8.0,317.0
550205,109.43,8.0,962.0
28422,10.071,8.0,340.0
9277,13.989,8.0,2053.0
961,11.68,8.0,913.0
522402,160.239,8.0,2544.0
522518,44.384,8.0,1159.0
58007,4.758,8.0,243.0
641,9.981,8.0,8343.0
610461,10.453,8.0,364.0
14,26.509,8.0,10498.0
521,16.612,8.0,2069.0
438695,433.004,8.0,3141.0
106646,168.153,8.0,20349.0
426618,10.892,8.0,455.0
3090,13.355,8.0,921.0
1059,11.213,8.0,450.0
315465,41.695,8.0,1237.0
20803,8.088,8.0,260.0
15,18.028,8.0,4545.0
776305,149.027,8.0,451.0
12761,7.597,8.0,426.0
962,11.991,8.0,1236.0
1091,41.009,8.0,5541.0
279,25.153,8.0,3455.0
610150,2272.782,8.0,1697.0
673,181.582,8.0,18417.0
378108,26.884,8.0,461.0
800,12.28,8.0,371.0
2517,12.124,8.0,365.0
38360,9.475,8.0,254.0
11658,18.811,8.0,548.0
554596,125.939,8.0,718.0
307,7.819,8.0,681.0
585511,992.94,8.0,725.0
424694,59.572,8.0,15032.0
776503,41.228,8.0,1494.0
285700,4.573,8.0,203.0
205596,38.104,8.0,14964.0
11778,17.155,8.0,3041.0
524,26.411,8.0,4666.0
12104,13.8,8.0,1213.0
654,9.167,8.0,1224.0
237791,9.656,8.0,841.0
158445,17.128,8.0,350.0
28178,43.781,8.0,5770.0
810693,2383.269,8.0,374.0
359724,52.32,8.0,5996.0
770,24.557,8.0,3356.0
488623,28.186,8.0,702.0
242828,36.603,8.0,1462.0
7508,17.51,8.0,884.0
13223,27.282,8.0,9258.0
140420,9.199,8.0,1523.0
94047,13.11,8.0,296.0
213,21.578,8.0,3338.0
11712,9.488,8.0,450.0
3175,14.793,8.0,2278.0
360814,19.608,8.0,732.0
29264,9.14,8.0,525.0
25376,21.824,8.0,2074.0
632322,20.2,8.0,388.0
501929,27.715,8.0,2131.0
15244,8.252,8.0,383.0
10238,10.78,8.0,548.0
1578,16.653,8.0,3466.0
1092,11.664,8.0,1427.0
523781,12.683,8.0,430.0
142061,27.619,8.0,1183.0
41050,8.285,8.0,504.0
1580,12.678,8.0,2130.0
18438,12.347,8.0,542.0
45752,32.29,8.0,223.0
667520,116.01,8.0,1062.0
530915,55.485,8.0,10161.0
20453,43.046,8.0,1900.0
15383,8.591,8.0,483.0
10515,41.419,8.0,3313.0
10404,15.341,8.0,545.0
405,9.542,8.0,822.0
458302,12.828,8.0,351.0
947,22.008,8.0,2382.0
627,22.395,8.0,8376.0
20875,12.371,8.0,210.0
24,37.803,8.0,14996.0
527774,200.921,8.0,5595.0
455714,15.439,8.0,654.0
862,236.341,8.0,15826.0
110,12.512,8.0,1059.0
489412,8.54,8.0,214.0
38286,7.57,8.0,1866.0
76,23.465,8.0,3278.0
49964,7.04,8.0,221.0
70,31.442,8.0,8182.0
28971,8.32,8.0,384.0
3777,15.312,8.0,612.0
149,45.231,8.0,3245.0
234,16.696,8.0,1160.0
20271,7.207,8.0,342.0
7857,12.559,8.0,879.0
560066,22.535,8.0,210.0
31411,5.908,8.0,267.0
801335,90.452,8.0,415.0
552532,104.359,8.0,324.0
414419,20.443,8.0,792.0
10242,11.61,8.0,818.0
20722,10.959,8.0,369.0
640,47.143,8.0,12962.0
21334,22.04,8.0,469.0
76203,30.063,8.0,9892.0
43949,38.071,7.9,2313.0
775,14.556,7.9,1372.0
5925,19.089,7.9,2043.0
573164,128.224,7.9,318.0
11010,11.402,7.9,954.0
406785,9.613,7.9,239.0
556901,28.808,7.9,390.0
745,41.138,7.9,9845.0
14160,134.125,7.9,17589.0
766507,1850.89,7.9,3975.0
505262,148.977,7.9,800.0
160885,4.113,7.9,296.0
152532,18.087,7.9,7504.0
9323,27.696,7.9,2641.0
588228,198.319,7.9,5833.0
17295,10.428,7.9,549.0
8290,20.68,7.9,1079.0
662,13.196,7.9,683.0
594634,41.011,7.9,396.0
491480,35.915,7.9,1340.0
316029,35.938,7.9,8295.0
3083,9.09,7.9,816.0
435129,16.121,7.9,646.0
223,13.819,7.9,1360.0
81,35.177,7.9,2828.0
920394,20.528,7.9,289.0
522212,14.693,7.9,1788.0
78,32.254,7.9,11769.0
33,21.667,7.9,3535.0
1646,35.821,7.9,1844.0
197,44.175,7.9,8582.0
334533,29.657,7.9,5590.0
150540,126.405,7.9,18218.0
329,35.344,7.9,13957.0
6977,31.801,7.9,10011.0
10674,139.931,7.9,8264.0
3870,12.35,7.9,502.0
3034,11.831,7.9,2633.0
37797,45.618,7.9,1519.0
25364,8.565,7.9,503.0
56231,5.899,7.9,282.0
24167,11.53,7.9,429.0
756999,1055.311,7.9,2563.0
85,37.887,7.9,10361.0
331482,44.501,7.9,5030.0
10386,73.103,7.9,4669.0
2011,13.787,7.9,1578.0
829,21.244,7.9,3061.0
613868,7.135,7.9,247.0
508943,241.389,7.9,6689.0
32085,5.979,7.9,721.0
183011,32.765,7.9,1509.0
671,211.987,7.9,23248.0
60243,9.062,7.9,1382.0
198,9.819,7.9,521.0
31439,10.368,7.9,207.0
10728,6.417,7.9,260.0
29455,5.807,7.9,330.0
7984,10.364,7.9,1402.0
679,59.946,7.9,7925.0
3112,11.874,7.9,1216.0
548544,9.362,7.9,249.0
122906,33.745,7.9,7119.0
118340,60.88,7.9,24918.0
6715,12.055,7.9,246.0
631,9.321,7.9,613.0
1402,47.941,7.9,8472.0
369557,18.081,7.9,1955.0
47796,10.872,7.9,310.0
1892,24.949,7.9,13236.0
194,24.562,7.9,9965.0
615453,25.015,7.9,293.0
949,55.081,7.9,5755.0
804,15.069,7.9,1612.0
564427,6.206,7.9,264.0
48035,10.634,7.9,271.0
752,38.811,7.9,12561.0
31442,9.94,7.9,531.0
16,14.28,7.9,1449.0
367412,7.007,7.9,268.0
296096,156.245,7.9,10472.0
946,7.057,7.9,231.0
404378,17.613,7.9,1148.0
379170,23.287,7.9,2041.0
25538,11.642,7.9,383.0
746957,14.932,7.9,256.0
13398,14.873,7.9,896.0
2721,12.638,7.9,331.0
579245,10.97,7.9,720.0
210577,53.81,7.9,16216.0
1394,8.285,7.9,394.0
45523,5.857,7.9,221.0
11293,8.529,7.9,533.0
726684,192.722,7.9,474.0
303867,6.64,7.9,252.0
1675,11.48,7.9,484.0
705861,282.854,7.9,1582.0
3078,11.215,7.9,953.0
779047,6.791,7.9,249.0
301,18.834,7.9,883.0
313369,30.213,7.9,14552.0
391,30.183,7.9,3406.0
430424,11.869,7.9,1081.0
180147,36.8,7.9,416.0
11036,56.321,7.9,9818.0
83564,9.636,7.9,676.0
393,35.259,7.9,12022.0
381341,13.638,7.9,3937.0
348892,10.163,7.9,373.0
5511,13.453,7.9,778.0
275,28.437,7.9,6617.0
833,7.172,7.9,518.0
597,134.353,7.9,21546.0
266856,21.302,7.9,9524.0
16390,16.686,7.9,211.0
827,11.044,7.9,736.0
579792,10.506,7.9,221.0
86000,14.033,7.9,225.0
712454,7.125,7.9,218.0
22596,8.455,7.9,360.0
505192,16.222,7.9,1619.0
934,8.352,7.9,410.0
235,28.836,7.9,4719.0
317442,214.285,7.9,1329.0
11830,11.704,7.9,242.0
399174,17.553,7.9,4002.0
30588,8.239,7.9,310.0
22843,29.749,7.9,648.0
593,18.952,7.9,1257.0
352173,9.996,7.9,276.0
152601,33.326,7.9,12414.0
23160,10.562,7.9,236.0
20873,7.035,7.9,214.0
10997,13.727,7.9,397.0
10774,13.668,7.9,1337.0
16804,8.955,7.9,647.0
445030,44.432,7.9,294.0
93,13.324,7.9,744.0
293299,7.233,7.9,768.0
581,21.49,7.9,3458.0
438631,170.338,7.9,7699.0
398924,15.054,7.9,733.0
503314,99.656,7.9,2421.0
33320,12.801,7.9,584.0
546554,44.874,7.9,9293.0
12903,17.915,7.9,202.0
5924,21.337,7.9,1529.0
354857,31.059,7.9,283.0
47931,40.897,7.9,1505.0
14574,61.202,7.9,6006.0
11602,6.798,7.9,382.0
2440,15.21,7.9,485.0
453,29.583,7.9,8761.0
113833,11.078,7.9,787.0
32480,6.293,7.8,398.0
24238,12.853,7.8,1589.0
11049,12.484,7.8,333.0
665,36.299,7.8,2168.0
677638,70.228,7.8,730.0
71157,9.958,7.8,1015.0
1626,12.898,7.8,492.0
50759,6.088,7.8,206.0
31011,26.67,7.8,5219.0
16859,43.7,7.8,3146.0
10757,15.568,7.8,440.0
596,13.189,7.8,750.0
359156,5.913,7.8,826.0
265195,21.729,7.8,2745.0
59440,103.452,7.8,3813.0
115,21.587,7.8,9584.0
614934,285.468,7.8,1514.0
152742,13.893,7.8,2470.0
25253,5.741,7.8,415.0
21135,10.359,7.8,357.0
15859,16.618,7.8,241.0
185789,8.583,7.8,393.0
5991,6.909,7.8,229.0
200727,58.466,7.8,5574.0
11953,10.512,7.8,500.0
6075,22.55,7.8,2595.0
1018,21.811,7.8,5047.0
113,16.563,7.8,848.0
614917,63.237,7.8,1551.0
24480,16.214,7.8,875.0
9479,171.922,7.8,7675.0
887,8.221,7.8,478.0
5544,14.55,7.8,609.0
777,9.214,7.8,519.0
89,34.338,7.8,8359.0
609242,37.762,7.8,646.0
1162,7.625,7.8,232.0
613,16.708,7.8,3107.0
980,9.215,7.8,280.0
831223,90.836,7.8,208.0
144,12.028,7.8,993.0
12,133.665,7.8,16819.0
826,15.044,7.8,1627.0
539517,42.238,7.8,469.0
674,200.884,7.8,17711.0
585,200.534,7.8,15928.0
530254,43.641,7.8,302.0
335578,15.017,7.8,1201.0
29845,9.642,7.8,343.0
805,22.667,7.8,3196.0
80,17.703,7.8,2738.0
31056,8.167,7.8,277.0
843241,354.427,7.8,391.0
22683,42.36,7.8,461.0
136,15.594,7.8,925.0
25606,4.484,7.8,719.0
5915,24.436,7.8,8449.0
314365,15.56,7.8,7309.0
393559,8.929,7.8,1091.0
263115,83.956,7.8,17146.0
11656,9.979,7.8,465.0
375794,129.766,7.8,666.0
17483,11.102,7.8,421.0
10775,16.024,7.8,1241.0
968,14.675,7.8,2375.0
142,33.076,7.8,5896.0
419478,37.494,7.8,3047.0
1280,13.986,7.8,922.0
396,10.779,7.8,630.0
602063,62.075,7.8,344.0
597316,77.326,7.8,234.0
1908,8.63,7.8,313.0
423612,17.124,7.8,544.0
762,17.547,7.8,4810.0
656563,10.919,7.8,534.0
58129,9.943,7.8,230.0
5961,8.236,7.8,604.0
502,9.806,7.8,281.0
650031,18.087,7.8,290.0
16237,26.786,7.8,287.0
126319,10.709,7.8,478.0
20126,11.138,7.8,1157.0
12496,11.82,7.8,237.0
841755,103.746,7.8,289.0
15916,13.243,7.8,289.0
107,32.672,7.8,7559.0
899405,24.91,7.8,296.0
357786,19.952,7.8,212.0
14836,212.21,7.8,6036.0
10191,68.313,7.8,11202.0
262,17.564,7.8,1770.0
428493,15.833,7.8,739.0
10193,126.525,7.8,12816.0
303,12.683,7.8,1238.0
506574,61.3,7.8,1261.0
696,10.285,7.8,1964.0
553,16.371,7.8,1991.0
49797,19.241,7.8,1940.0
141,34.828,7.8,10664.0
149870,35.22,7.8,2331.0
809107,172.258,7.8,229.0
713776,6.641,7.8,683.0
446159,11.211,7.8,879.0
52345,1.135,7.8,343.0
11621,33.783,7.8,2618.0
40662,27.492,7.8,1326.0
29458,7.589,7.8,568.0
1607,25.805,7.8,1721.0
873,17.052,7.8,1366.0
28162,7.61,7.8,280.0
2062,146.857,7.8,14356.0
573699,62.207,7.8,337.0
13855,14.718,7.8,1001.0
11697,12.247,7.8,860.0
770254,115.283,7.8,569.0
498249,9.389,7.8,499.0
16052,37.789,7.8,1039.0
13042,10.761,7.8,837.0
5000,9.356,7.8,239.0
810171,137.546,7.8,358.0
336804,8.986,7.8,1204.0
27040,6.034,7.8,279.0
10227,8.668,7.8,418.0
851,8.703,7.8,453.0
579974,2592.005,7.8,366.0
277216,87.549,7.8,3286.0
4977,24.755,7.8,1759.0
1480,12.377,7.8,1148.0
435366,15.525,7.8,263.0
703,12.872,7.8,3276.0
22,134.682,7.8,17923.0
12444,145.147,7.8,16427.0
2118,18.847,7.8,4013.0
925,12.422,7.8,1367.0
27670,5.52,7.8,954.0
14069,24.634,7.8,1649.0
323272,51.664,7.8,392.0
52629,94.795,7.8,456.0
49687,8.25,7.8,409.0
14282,17.962,7.8,456.0
337960,14.16,7.8,414.0
169813,13.081,7.8,1085.0
84892,37.885,7.8,9180.0
583083,49.615,7.8,4591.0
143,14.987,7.8,563.0
1366,74.855,7.8,6308.0
166428,92.565,7.8,5296.0
86837,15.864,7.8,1345.0
963,14.113,7.8,1296.0
49026,88.129,7.8,19965.0
629542,334.706,7.8,1022.0
9421,7.258,7.8,1583.0
587,24.768,7.8,6270.0
479718,42.129,7.8,206.0
10315,27.107,7.8,4233.0
117,25.945,7.8,4728.0
616584,9.893,7.8,220.0
554590,35.386,7.8,441.0
72660,7.114,7.8,206.0
2108,24.604,7.8,6944.0
709629,31.055,7.8,228.0
28145,12.098,7.8,234.0
492188,21.993,7.8,5909.0
367735,5.047,7.8,201.0
234200,11.94,7.8,1119.0
33602,11.629,7.8,319.0
508439,47.523,7.8,5181.0
396535,86.264,7.8,5912.0
317182,5.25,7.8,209.0
81401,9.101,7.8,272.0
61979,130.607,7.8,2559.0
12491,9.857,7.8,376.0
393729,10.099,7.8,584.0
730840,73.811,7.8,257.0
123025,33.528,7.8,1283.0
11005,13.479,7.8,1973.0
903,17.873,7.8,1095.0
486589,78.421,7.8,881.0
203217,5.854,7.8,576.0
18079,11.415,7.8,546.0
583,12.175,7.8,3617.0
582927,20.675,7.8,377.0
380,18.418,7.8,5269.0
451945,10.721,7.8,1196.0
3114,15.573,7.8,1085.0
537116,29.147,7.8,1522.0
562,41.525,7.8,9343.0
990,13.289,7.8,753.0
502033,16.543,7.8,1906.0
374473,10.96,7.8,1165.0
20139,10.284,7.8,263.0
1700,19.373,7.8,3769.0
525,19.111,7.8,3500.0
399566,215.119,7.8,8206.0
359784,14.645,7.7,352.0
10229,51.649,7.7,3565.0
632,9.478,7.7,455.0
30018,15.778,7.7,1110.0
499,12.341,7.7,469.0
382591,21.552,7.7,2733.0
177572,136.281,7.7,13925.0
30959,10.179,7.7,277.0
14811,15.638,7.7,423.0
1417,53.807,7.7,9171.0
413594,54.761,7.7,546.0
269149,145.533,7.7,14262.0
6844,53.808,7.7,1169.0
322,25.901,7.7,5411.0
165,34.382,7.7,10918.0
556984,19.457,7.7,2462.0
14756,20.378,7.7,3128.0
792,30.317,7.7,3675.0
336,10.248,7.7,840.0
24160,7.127,7.7,298.0
309,10.06,7.7,761.0
40619,8.948,7.7,757.0
25050,9.304,7.7,270.0
13002,62.359,7.7,894.0
9475,17.459,7.7,2639.0
22504,6.311,7.7,302.0
221732,27.423,7.7,366.0
45269,20.86,7.7,7599.0
10020,116.377,7.7,8622.0
404,15.0,7.7,1205.0
216,7.21,7.7,289.0
273248,28.269,7.7,12398.0
4495,9.031,7.7,257.0
12405,24.294,7.7,9231.0
9800,16.779,7.7,3577.0
444705,5.162,7.7,202.0
13929,11.884,7.7,955.0
672322,129.844,7.7,299.0
599521,33.88,7.7,356.0
581577,16.266,7.7,255.0
575452,13.089,7.7,1134.0
11220,25.024,7.7,679.0
3763,16.358,7.7,278.0
12429,90.307,7.7,3366.0
334,20.029,7.7,2899.0
672,190.935,7.7,18727.0
414906,647.157,7.7,6293.0
137182,9.794,7.7,907.0
14580,9.996,7.7,379.0
567410,11.135,7.7,234.0
653,19.811,7.7,1518.0
11902,9.225,7.7,507.0
471707,59.456,7.7,413.0
205,18.216,7.7,2366.0
995,11.393,7.7,864.0
48831,7.1,7.7,212.0
453191,9.425,7.7,229.0
5528,12.298,7.7,2029.0
3309,10.242,7.7,292.0
581528,102.997,7.7,600.0
9552,86.976,7.7,6507.0
162,55.439,7.7,11194.0
580175,17.475,7.7,2141.0
336808,11.509,7.7,385.0
20123,9.304,7.7,278.0
845,12.894,7.7,1281.0
637649,210.589,7.7,3911.0
261,10.474,7.7,604.0
527776,68.544,7.7,202.0
128246,24.814,7.7,210.0
19026,10.404,7.7,466.0
4808,15.947,7.7,1070.0
24428,203.07,7.7,27521.0
15121,14.913,7.7,2699.0
1075,9.118,7.7,585.0
976,11.056,7.7,339.0
531,12.321,7.7,760.0
96721,24.496,7.7,6080.0
767,154.73,7.7,16585.0
371645,15.731,7.7,1676.0
16306,25.716,7.7,698.0
10835,14.326,7.7,586.0
11299,17.31,7.7,647.0
11482,13.166,7.7,894.0
808,176.205,7.7,14301.0
678,8.14,7.7,426.0
297222,14.255,7.7,769.0
17058,10.288,7.7,267.0
15265,8.041,7.7,303.0
9806,94.812,7.7,15549.0
2433,12.867,7.7,461.0
1040,14.016,7.7,610.0
993,11.914,7.7,468.0
11972,7.826,7.7,236.0
534780,13.765,7.7,356.0
8416,10.601,7.7,499.0
891,15.824,7.7,1443.0
164,14.488,7.7,3594.0
238628,9.055,7.7,391.0
11787,9.594,7.7,480.0
702,10.439,7.7,1094.0
682507,379.637,7.7,355.0
244063,11.545,7.7,574.0
110160,8.061,7.7,737.0
272,70.48,7.7,18169.0
51608,44.38,7.7,1032.0
13187,9.538,7.7,506.0
10633,15.874,7.7,787.0
83666,15.824,7.7,5006.0
9023,94.719,7.7,3938.0
675,153.916,7.7,16774.0
24657,9.306,7.7,402.0
8832,6.64,7.7,965.0
589739,6.427,7.7,387.0
320007,8.737,7.7,995.0
167581,11.425,7.7,663.0
23832,10.9,7.7,296.0
11854,15.579,7.7,318.0
12516,15.627,7.7,335.0
288,9.512,7.7,1130.0
242582,65.871,7.7,9242.0
15137,26.285,7.7,699.0
12548,8.316,7.7,544.0
688,24.422,7.7,1739.0
910,12.247,7.7,802.0
16761,31.821,7.7,248.0
8016,8.86,7.7,262.0
5910,11.535,7.7,502.0
68,20.276,7.7,2750.0
342470,50.897,7.7,2499.0
265169,8.433,7.7,430.0
17835,14.486,7.7,202.0
4497,7.934,7.7,407.0
108,14.7,7.7,1300.0
15251,5.257,7.7,263.0
596054,26.533,7.7,466.0
211954,29.507,7.7,730.0
1633,16.958,7.7,1084.0
247,8.991,7.7,1155.0
707886,28.649,7.7,974.0
12219,10.511,7.7,227.0
513434,10.946,7.7,537.0
11474,25.428,7.7,1691.0
675353,902.493,7.7,3025.0
1587,26.69,7.7,3282.0
614409,51.021,7.7,1609.0
522627,44.569,7.7,4390.0
100402,52.403,7.7,16540.0
1904,28.071,7.7,2485.0
466282,67.032,7.7,7713.0
1632,13.524,7.7,1306.0
431693,33.164,7.7,2354.0
587272,152.619,7.7,548.0
426426,14.682,7.7,3471.0
99,11.622,7.7,1517.0
82702,96.122,7.7,8314.0
15794,9.811,7.7,342.0
13696,7.757,7.7,234.0
16391,9.662,7.7,348.0
11898,9.059,7.7,388.0
514439,29.278,7.7,899.0
286217,58.202,7.7,17379.0
4235,12.831,7.7,245.0
25768,6.9,7.7,252.0
1939,15.691,7.7,606.0
13980,23.228,7.7,314.0
37247,15.715,7.7,2702.0
568124,562.937,7.7,7354.0
4480,11.997,7.7,424.0
773,12.858,7.7,5899.0
860159,144.92,7.7,246.0
566525,307.961,7.7,7181.0
49992,11.066,7.7,552.0
50531,4.83,7.7,1492.0
4960,12.191,7.7,1128.0
369299,49.285,7.7,535.0
313297,52.71,7.7,3129.0
29154,34.302,7.7,269.0
22881,88.23,7.7,5287.0
2493,20.304,7.7,3831.0
28580,8.82,7.7,443.0
25188,8.585,7.7,503.0
13151,29.2,7.7,582.0
343,12.95,7.7,848.0
981,12.709,7.7,679.0
284427,27.201,7.7,1249.0
8358,29.247,7.7,9685.0
227932,4.597,7.7,454.0
4347,21.988,7.7,3476.0
776,10.288,7.7,430.0
666243,21.189,7.7,690.0
221731,24.277,7.7,444.0
158,7.298,7.7,390.0
722778,20.8,7.7,1283.0
560057,350.232,7.7,769.0
44214,30.889,7.7,12592.0
20108,8.373,7.7,322.0
576,16.298,7.7,931.0
612706,20.536,7.6,1013.0
586863,12.705,7.6,1216.0
1592,21.922,7.6,2600.0
14813,22.437,7.6,728.0
624932,7.438,7.6,222.0
234567,8.555,7.6,205.0
10331,16.93,7.6,1918.0
820,24.95,7.6,1665.0
780382,18.32,7.6,266.0
54186,11.447,7.6,726.0
22292,8.616,7.6,227.0
14624,31.739,7.6,349.0
13386,5.428,7.6,581.0
11362,30.872,7.6,1446.0
1628,9.208,7.6,778.0
1093,9.387,7.6,439.0
871,46.595,7.6,2745.0
13466,15.288,7.6,962.0
812,64.734,7.6,9878.0
793,21.67,7.6,2638.0
578,63.742,7.6,8629.0
9377,16.626,7.6,4049.0
9343,9.723,7.6,577.0
212,8.717,7.6,710.0
15917,9.148,7.6,270.0
728118,12.841,7.6,210.0
338729,11.632,7.6,211.0
207703,109.624,7.6,14707.0
585244,35.486,7.6,1006.0
144288,39.858,7.6,267.0
550988,232.343,7.6,6301.0
50253,77.979,7.6,203.0
2204,6.243,7.6,210.0
517093,23.313,7.6,230.0
982,10.264,7.6,534.0
4995,22.966,7.6,2595.0
13363,11.98,7.6,1892.0
180299,41.996,7.6,1928.0
10322,11.001,7.6,760.0
398978,23.6,7.6,5579.0
347201,268.388,7.6,1083.0
1879,16.435,7.6,653.0
283995,101.065,7.6,18735.0
5165,11.592,7.6,524.0
38251,6.798,7.6,850.0
8429,7.606,7.6,234.0
1726,95.982,7.6,23291.0
218,56.027,7.6,10805.0
436969,237.032,7.6,6582.0
8327,11.204,7.6,702.0
643,12.242,7.6,905.0
401698,9.932,7.6,241.0
12501,11.622,7.6,253.0
9912,16.873,7.6,561.0
11686,9.789,7.6,701.0
269,12.844,7.6,1424.0
364111,36.921,7.6,318.0
18329,13.187,7.6,475.0
417261,38.053,7.6,1038.0
31216,12.583,7.6,258.0
642,21.476,7.6,1765.0
1712,15.92,7.6,533.0
1654,15.062,7.6,949.0
746,14.233,7.6,1311.0
244,19.747,7.6,1149.0
42801,8.035,7.6,338.0
333339,109.992,7.6,13283.0
306819,23.779,7.6,5271.0
17057,7.227,7.6,424.0
11040,8.539,7.6,469.0
19101,19.14,7.6,818.0
225745,26.6,7.6,244.0
177945,10.886,7.6,517.0
31417,11.63,7.6,537.0
30020,13.302,7.6,396.0
9444,53.214,7.6,4682.0
55,26.853,7.6,2089.0
489999,21.262,7.6,3215.0
438148,1447.669,7.6,2011.0
12093,14.848,7.6,425.0
11782,11.254,7.6,585.0
1933,31.459,7.6,5379.0
592807,7.833,7.6,201.0
13355,23.565,7.6,215.0
8703,10.553,7.6,263.0
768744,483.131,7.6,281.0
24653,6.404,7.6,696.0
11969,30.301,7.6,1627.0
3580,22.157,7.6,3563.0
430,9.504,7.6,283.0
459670,6.4,7.6,242.0
433471,10.371,7.6,317.0
419430,84.858,7.6,14670.0
51739,35.542,7.6,2284.0
14784,15.764,7.6,1035.0
11657,8.573,7.6,484.0
870,7.649,7.6,238.0
220,10.05,7.6,578.0
309809,22.349,7.6,2426.0
26371,10.069,7.6,387.0
1678,17.899,7.6,686.0
222935,65.379,7.6,10155.0
51822,23.595,7.6,209.0
284053,137.219,7.6,18234.0
221,13.736,7.6,1292.0
11321,17.629,7.6,5970.0
9693,23.009,7.6,5988.0
824,17.06,7.6,3921.0
710356,14.242,7.6,382.0
348678,10.329,7.6,852.0
13562,6.768,7.6,259.0
5558,6.97,7.6,215.0
4481,15.54,7.6,388.0
660120,32.239,7.6,655.0
293660,172.805,7.6,27322.0
10637,24.671,7.6,2194.0
819,22.737,7.6,2900.0
64,14.837,7.6,1034.0
63,30.418,7.6,7064.0
18900,10.495,7.6,281.0
10363,10.695,7.6,334.0
514754,13.109,7.6,967.0
10754,5.472,7.6,268.0
9289,13.276,7.6,762.0
638,15.749,7.6,2028.0
228205,34.341,7.6,2804.0
607259,76.024,7.6,1083.0
575604,32.356,7.6,555.0
425909,224.931,7.6,3167.0
244267,19.617,7.6,2812.0
137113,56.371,7.6,11943.0
21575,9.872,7.6,1244.0
19413,8.032,7.6,236.0
3767,8.38,7.6,436.0
381289,48.938,7.6,2789.0
11159,11.025,7.6,473.0
137,25.017,7.6,6538.0
1913,11.649,7.6,739.0
671295,16.359,7.6,222.0
71,22.358,7.6,3300.0
18197,8.547,7.6,227.0
831405,89.95,7.6,614.0
11113,9.918,7.6,1039.0
9394,13.109,7.6,1062.0
423108,246.099,7.6,4671.0
198375,37.844,7.6,1636.0
118406,113.672,7.6,749.0
42987,8.479,7.6,242.0
13413,9.882,7.6,609.0
216156,7.686,7.6,284.0
2487,5.687,7.6,266.0
10778,11.018,7.6,1276.0
1544,17.153,7.6,831.0
13393,7.8,7.6,232.0
229,14.876,7.6,700.0
650,67.154,7.6,1531.0
38757,153.829,7.6,9663.0
8073,11.724,7.6,439.0
491418,26.106,7.6,2405.0
127533,28.727,7.6,629.0
41411,7.356,7.6,883.0
863,156.99,7.6,11932.0
630,56.131,7.6,4642.0
736073,46.606,7.6,432.0
484468,13.518,7.6,1617.0
21191,33.862,7.6,522.0
15014,5.235,7.6,311.0
4982,29.709,7.6,4512.0
2013,12.226,7.6,971.0
900,11.792,7.6,764.0
200481,8.908,7.6,463.0
17431,20.135,7.6,4834.0
736069,56.225,7.6,428.0
3529,10.161,7.6,338.0
483184,11.307,7.6,1957.0
481848,49.306,7.6,2970.0
11046,17.314,7.6,695.0
451657,11.803,7.6,517.0
5143,9.256,7.6,798.0
475888,9.822,7.6,331.0
400160,152.399,7.6,2528.0
246741,15.92,7.6,2933.0
74308,23.59,7.6,1186.0
627725,20.35,7.6,618.0
25468,13.296,7.6,268.0
948,48.563,7.6,4394.0
366170,105.846,7.6,291.0
203101,12.534,7.6,421.0
11190,7.536,7.6,374.0
10950,20.788,7.6,1932.0
3133,11.571,7.6,947.0
283587,12.522,7.6,1448.0
256040,56.129,7.6,598.0
809140,145.758,7.6,288.0
456929,16.802,7.6,626.0
329865,58.179,7.6,15439.0
61202,8.121,7.6,266.0
57158,108.787,7.6,11333.0
4922,48.205,7.6,11004.0
28569,10.984,7.6,204.0
11356,11.277,7.6,435.0
11016,10.941,7.6,400.0
592,14.318,7.6,1308.0
520763,151.581,7.6,4689.0
507569,17.935,7.6,902.0
416144,28.521,7.6,1235.0
277834,37.077,7.6,10702.0
338,9.926,7.6,1991.0
364137,6.136,7.6,407.0
264660,31.494,7.6,11537.0
1859,9.785,7.6,284.0
433,38.097,7.6,4049.0
12102,8.582,7.6,1820.0
4291,14.696,7.6,364.0
308369,15.621,7.6,2272.0
64690,55.312,7.6,10709.0
12498,10.25,7.6,614.0
1541,17.141,7.6,2707.0
1600,12.789,7.6,568.0
111083,14.867,7.6,1032.0
76696,6.697,7.6,245.0
76341,106.276,7.6,19793.0
109424,20.885,7.6,5947.0
71859,34.448,7.6,2339.0
16958,10.035,7.6,364.0
544510,8.183,7.6,412.0
38234,189.954,7.6,668.0
20992,10.486,7.6,294.0
10161,17.395,7.6,729.0
3558,23.788,7.6,3070.0
616,35.696,7.6,5790.0
736074,48.566,7.6,365.0
2649,18.016,7.6,5319.0
315846,13.466,7.6,347.0
375572,8.94,7.6,887.0
301528,131.118,7.6,8280.0
127501,9.609,7.6,249.0
9081,13.678,7.6,738.0
2009,11.153,7.6,573.0
5708,10.766,7.6,684.0
4951,34.192,7.6,6690.0
966,19.075,7.6,1430.0
552095,39.082,7.6,519.0
529203,196.176,7.6,3112.0
2000,10.206,7.6,852.0
765,28.673,7.6,2410.0
14438,64.986,7.6,559.0
782,33.575,7.6,5273.0
339,7.705,7.6,657.0
24807,8.026,7.5,257.0
11688,87.237,7.5,5622.0
6620,18.102,7.5,1009.0
4593,20.537,7.5,604.0
319,21.043,7.5,2194.0
25934,10.548,7.5,250.0
13396,9.2,7.5,229.0
11171,25.619,7.6,756.0
907,19.801,7.5,893.0
21734,9.341,7.5,773.0
4550,31.931,7.5,1267.0
967,37.416,7.5,1716.0
375262,25.565,7.5,4501.0
83389,18.168,7.5,1363.0
13403,11.943,7.5,293.0
11327,13.511,7.5,1354.0
539617,11.788,7.5,259.0
5482,5.811,7.5,201.0
626,15.0,7.5,1022.0
43650,9.109,7.5,227.0
10734,25.714,7.5,2244.0
28874,32.89,7.5,754.0
487558,14.123,7.5,6579.0
379019,8.078,7.5,248.0
4638,20.088,7.5,6375.0
4034,7.474,7.5,248.0
1954,33.213,7.5,6306.0
13354,20.97,7.5,230.0
9040,15.886,7.5,1539.0
1567,9.59,7.5,405.0
921,18.549,7.5,1819.0
586940,12.379,7.5,1021.0
451915,19.658,7.5,1953.0
431580,31.543,7.5,1688.0
19223,7.561,7.5,294.0
11906,21.115,7.5,2350.0
13528,13.927,7.5,344.0
1579,82.289,7.5,4524.0
1051,22.662,7.5,1414.0
13384,9.665,7.5,306.0
13310,15.588,7.5,2439.0
783,19.688,7.5,1935.0
382614,19.136,7.5,1158.0
138843,153.562,7.5,9700.0
660000,12.665,7.5,270.0
63311,25.008,7.5,3580.0
47909,10.578,7.5,234.0
10787,15.066,7.5,602.0
59436,16.272,7.5,6378.0
39324,88.204,7.5,435.0
16219,90.793,7.5,243.0
9366,16.684,7.5,3660.0
747,32.678,7.5,7112.0
551332,13.467,7.5,2465.0
72213,49.003,7.5,287.0
7214,41.93,7.5,2247.0
442065,16.696,7.5,354.0
9016,53.637,7.5,3456.0
530079,59.603,7.5,228.0
503919,25.115,7.5,3660.0
14919,17.643,7.5,845.0
11344,10.787,7.5,680.0
645886,50.506,7.5,1430.0
334541,21.404,7.5,4984.0
176983,57.27,7.5,409.0
43904,8.933,7.5,317.0
16633,12.123,7.5,435.0
15472,16.201,7.5,2496.0
9516,24.796,7.5,596.0
625,10.302,7.5,569.0
179144,13.536,7.5,2711.0
127585,70.125,7.5,13656.0
37769,10.747,7.5,534.0
3035,15.929,7.5,1189.0
79,21.644,7.5,1843.0
552178,31.592,7.5,1642.0
459151,351.961,7.5,2064.0
74879,7.432,7.5,370.0
4909,15.325,7.5,416.0
508947,586.76,7.5,3263.0
3482,13.01,7.5,242.0
1883,28.036,7.5,1318.0
228326,77.791,7.5,2247.0
26280,10.237,7.5,978.0
13830,30.041,7.5,247.0
3009,10.027,7.5,355.0
828,15.707,7.5,847.0
502897,7.676,7.5,254.0
382748,20.34,7.5,490.0
16642,11.103,7.5,788.0
11610,11.514,7.5,464.0
10110,17.422,7.5,1557.0
36685,15.116,7.5,2310.0
11562,8.736,7.5,709.0
11178,17.562,7.5,444.0
4553,15.938,7.5,4574.0
3001,15.745,7.5,468.0
574,10.857,7.5,1097.0
571,23.599,7.5,3294.0
36557,41.02,7.5,9174.0
9340,47.512,7.5,4832.0
8342,9.882,7.5,346.0
617653,110.32,7.5,2417.0
429450,26.578,7.5,335.0
29084,7.245,7.5,212.0
15371,18.61,7.5,817.0
10747,24.156,7.5,903.0
1372,41.415,7.5,6468.0
912598,214.532,7.5,244.0
19995,1270.395,7.5,26098.0
470878,42.048,7.5,383.0
389015,20.138,7.5,4935.0
37903,12.572,7.5,834.0
11506,6.991,7.5,290.0
8440,9.807,7.5,416.0
940,11.595,7.5,694.0
582014,23.178,7.5,2270.0
18,46.022,7.5,9172.0
483983,12.643,7.5,337.0
200085,57.414,7.5,997.0
15165,67.419,7.5,1239.0
12163,15.857,7.5,3021.0
11798,4.636,7.5,1034.0
983,11.899,7.5,476.0
532,11.403,7.5,625.0
195,6.353,7.5,200.0
337703,14.928,7.5,1040.0
335984,73.308,7.5,11104.0
332562,37.712,7.5,10448.0
281957,53.081,7.5,16147.0
18671,6.077,7.5,211.0
3116,12.047,7.5,1043.0
484751,9.447,7.5,519.0
375785,17.804,7.5,398.0
468284,7.041,7.5,388.0
11421,6.04,7.5,365.0
11202,14.593,7.5,853.0
522,17.997,7.5,1904.0
7735,18.214,7.5,2833.0
85350,17.83,7.5,4539.0
15999,22.139,7.5,443.0
898,13.465,7.5,225.0
487670,20.822,7.5,429.0
260513,95.366,7.5,11222.0
11970,101.828,7.5,6319.0
1949,40.507,7.5,8702.0
16305,7.18,7.5,346.0
11544,82.574,7.5,5162.0
10683,7.787,7.5,622.0
856,38.375,7.5,4796.0
601,34.103,7.5,9708.0
921655,22.253,7.5,210.0
409502,63.999,7.5,215.0
881,23.523,7.5,2853.0
69,21.136,7.5,2408.0
327331,24.581,7.5,1004.0
284293,15.319,7.5,2680.0
24192,6.631,7.5,261.0
500664,32.068,7.5,3511.0
27327,7.946,7.5,497.0
9075,13.908,7.5,929.0
9028,8.87,7.5,287.0
379,13.6,7.5,1310.0
451048,190.441,7.5,4598.0
228150,144.36,7.5,10210.0
58451,11.636,7.5,266.0
34106,9.294,7.5,295.0
17136,6.803,7.5,255.0
11549,9.551,7.5,802.0
10843,12.805,7.5,1090.0
145,11.873,7.5,765.0
31682,8.706,7.5,354.0
15097,8.129,7.5,1020.0
4024,10.199,7.5,375.0
984,16.978,7.5,1924.0
5781,20.737,7.5,272.0
795514,92.999,7.5,339.0
923,31.784,7.5,1668.0
475,15.258,7.5,1275.0
624479,14.591,7.5,212.0
34148,8.246,7.5,206.0
9495,31.393,7.5,3214.0
9056,24.988,7.5,625.0
4254,10.177,7.5,304.0
3088,11.475,7.5,300.0
603661,21.671,7.5,596.0
383498,138.836,7.5,15073.0
132344,11.966,7.5,1915.0
32761,6.805,7.5,229.0
10451,9.016,7.5,240.0
1786,13.127,7.5,512.0
613090,9.696,7.5,289.0
377273,8.514,7.5,405.0
176241,31.493,7.5,541.0
11481,19.356,7.5,774.0
530,13.586,7.5,659.0
37916,7.266,7.5,254.0
10604,10.488,7.5,270.0
9428,22.461,7.5,3820.0
648,10.274,7.5,470.0
668742,126.744,7.5,428.0
244088,8.534,7.5,818.0
876716,145.6,7.5,531.0
431937,9.96,7.5,365.0
37719,6.708,7.5,372.0
8740,13.329,7.5,466.0
219,18.459,7.5,1383.0
106,119.998,7.5,6505.0
429617,109.223,7.5,13104.0
30368,10.676,7.5,219.0
11528,18.814,7.5,928.0
592279,16.536,7.5,202.0
33997,16.09,7.5,337.0
186,24.443,7.5,3450.0
204553,27.865,7.5,261.0
13930,10.361,7.5,998.0
11030,7.542,7.5,705.0
440298,13.195,7.5,1249.0
3933,171.951,7.5,7395.0
2786,14.956,7.5,678.0
877,37.636,7.5,452.0
203833,15.746,7.5,3895.0
166666,35.937,7.5,712.0
76758,15.734,7.5,633.0
16619,12.594,7.5,488.0
1847,14.027,7.5,436.0
489418,7.706,7.5,351.0
451480,11.267,7.5,1169.0
258480,16.578,7.5,3184.0
217993,20.792,7.5,885.0
7549,23.345,7.5,1029.0
539681,1575.235,7.5,619.0
9559,17.719,7.5,1326.0
786,17.362,7.5,2226.0
22584,8.987,7.5,388.0
10549,12.375,7.5,388.0
346648,35.402,7.5,1808.0
330459,55.761,7.5,13451.0
21832,25.343,7.5,313.0
18333,8.291,7.5,383.0
7500,12.622,7.5,477.0
437586,19.043,7.5,1230.0
239571,20.558,7.5,2302.0
71883,15.903,7.5,318.0
14736,12.879,7.5,361.0
14257,11.275,7.5,566.0
15919,9.051,7.5,279.0
251516,9.296,7.5,1603.0
11031,12.862,7.5,1128.0
11167,13.975,7.5,602.0
4584,19.401,7.5,1360.0
109,14.753,7.5,898.0
26596,8.114,7.5,309.0
12780,8.808,7.5,227.0
252,38.08,7.5,2783.0
630220,10.556,7.5,587.0
27632,10.325,7.5,383.0
9665,19.845,7.5,1258.0
874300,23.054,7.5,230.0
453395,974.998,7.5,5811.0
345938,266.268,7.5,1770.0
16328,7.989,7.5,293.0
12169,6.052,7.5,403.0
818647,174.643,7.5,2271.0
434616,6.071,7.5,543.0
38396,4.957,7.5,1184.0
32909,16.177,7.5,358.0
4689,16.911,7.5,1100.0
576845,73.884,7.5,1981.0
484747,6.922,7.5,267.0
476968,61.157,7.5,265.0
9008,16.386,7.5,1482.0
194662,25.034,7.5,11474.0
118412,19.664,7.5,277.0
290,12.338,7.5,1341.0
638449,22.987,7.5,453.0
529216,17.472,7.5,1503.0
17809,19.023,7.5,410.0
1902,14.82,7.5,803.0
154,15.541,7.5,1553.0
4174,9.532,7.5,684.0
457601,5.232,7.5,268.0
11841,10.545,7.5,302.0
345,37.524,7.5,4952.0
175,13.269,7.5,1193.0
644583,18.097,7.5,782.0
4251,8.221,7.5,209.0
1251,12.871,7.5,1668.0
634544,11.204,7.5,321.0
376290,22.549,7.5,1491.0
18988,8.232,7.5,249.0
18925,47.151,7.5,328.0
13060,11.601,7.5,629.0
8321,19.33,7.5,4144.0
2034,28.819,7.5,4853.0
1407,12.17,7.5,1348.0
449406,73.688,7.5,574.0
637534,77.792,7.5,885.0
374720,34.753,7.5,14403.0
11349,9.235,7.5,444.0
10907,14.204,7.5,561.0
12837,13.018,7.5,439.0
673595,33.725,7.5,310.0
10377,13.02,7.5,1179.0
620,32.348,7.5,7527.0
192,16.562,7.5,2489.0
508570,13.474,7.5,480.0
8094,13.73,7.5,324.0
1023,10.951,7.5,538.0
134350,11.892,7.5,220.0
9918,14.818,7.5,603.0
8333,8.347,7.5,354.0
402693,10.26,7.5,236.0
370172,168.16,7.5,4560.0
339403,54.349,7.5,13578.0
39323,119.082,7.5,518.0
2690,11.312,7.5,301.0
292011,16.442,7.5,2024.0
8356,8.278,7.5,364.0
1360,20.152,7.5,1773.0
621013,42.601,7.5,989.0
565310,14.571,7.5,1144.0
319373,7.34,7.5,408.0
31767,9.559,7.5,273.0
3110,10.258,7.5,468.0
41498,37.696,7.5,280.0
13754,12.525,7.5,289.0
13689,15.123,7.5,336.0
11704,15.561,7.5,644.0
1368,52.124,7.5,5094.0
340666,19.81,7.5,6686.0
293863,28.378,7.5,5643.0
290762,10.376,7.5,618.0
37181,10.061,7.5,384.0
9549,12.697,7.5,687.0
364433,27.71,7.5,2304.0
22538,45.537,7.5,6537.0
17529,12.647,7.5,603.0
196,27.545,7.5,8900.0
845222,52.177,7.5,394.0
408647,25.4,7.5,566.0
37472,4.4,7.5,1859.0
33273,70.06,7.5,1030.0
533444,14.44,7.4,457.0
407445,17.327,7.4,643.0
823,21.102,7.4,355.0
227306,22.288,7.4,3630.0
26638,12.528,7.4,342.0
10400,19.089,7.4,1165.0
226,13.489,7.4,1086.0
11829,14.954,7.4,732.0
11471,7.208,7.4,369.0
985,11.418,7.4,1953.0
250538,9.872,7.4,428.0
129670,11.229,7.4,1493.0
14092,23.397,7.4,316.0
265180,11.024,7.4,701.0
16858,13.579,7.4,354.0
6916,15.133,7.4,658.0
5503,21.325,7.4,3462.0
247645,7.523,7.4,218.0
65218,18.019,7.4,937.0
13377,18.517,7.4,801.0
2501,30.793,7.4,7983.0
755339,8.125,7.4,334.0
544401,46.02,7.4,1012.0
72478,8.277,7.4,399.0
39107,152.278,7.4,657.0
31522,9.097,7.4,276.0
9509,31.974,7.4,4259.0
519010,14.047,7.4,1534.0
10435,10.437,7.4,846.0
8741,17.91,7.4,2448.0
499631,4.549,7.4,315.0
206487,40.138,7.4,5427.0
9299,14.41,7.4,643.0
5967,10.353,7.4,579.0
1813,35.983,7.4,4868.0
675445,239.72,7.4,1018.0
339984,60.021,7.4,1014.0
24226,9.446,7.4,464.0
718930,510.996,7.4,861.0
451499,7.925,7.4,242.0
250219,6.142,7.4,1647.0
11901,15.75,7.4,869.0
1677,44.859,7.4,1592.0
1523,18.426,7.4,1722.0
813258,112.404,7.4,319.0
48282,6.032,7.4,205.0
16372,12.061,7.4,447.0
13475,50.684,7.4,8811.0
6114,46.156,7.4,4145.0
589982,8.835,7.4,242.0
271110,130.172,7.4,20278.0
190859,96.697,7.4,11368.0
64847,14.333,7.4,202.0
704,12.592,7.4,525.0
466272,55.566,7.4,10894.0
458156,109.703,7.4,8209.0
74643,11.243,7.4,2776.0
100271,17.588,7.4,289.0
11710,7.405,7.4,244.0
8055,18.799,7.4,2515.0
568,19.33,7.4,4618.0
527,10.656,7.4,302.0
271706,27.909,7.4,365.0
25673,9.035,7.4,289.0
439584,6.62,7.4,872.0
26963,14.779,7.4,535.0
26900,7.132,7.4,239.0
25403,8.859,7.4,322.0
339380,19.779,7.4,862.0
290542,11.525,7.4,700.0
11545,14.154,7.4,2038.0
1052,11.911,7.4,968.0
363,5.869,7.4,436.0
73456,60.481,7.4,637.0
11978,36.985,7.4,1849.0
11615,14.246,7.4,1671.0
2056,10.289,7.4,527.0
187,31.982,7.4,6959.0
663260,15.401,7.4,732.0
284052,100.859,7.4,19620.0
193756,32.193,7.4,3599.0
380225,8.841,7.4,803.0
21450,10.49,7.4,395.0
49361,7.374,7.4,282.0
10784,12.519,7.4,706.0
615666,51.734,7.4,474.0
395834,26.59,7.4,4312.0
269258,8.151,7.4,294.0
1653,13.483,7.4,1061.0
273895,11.368,7.4,1965.0
36208,6.895,7.4,250.0
3085,11.774,7.4,628.0
2292,11.345,7.4,2021.0
1391,35.863,7.4,1180.0
595975,11.141,7.4,792.0
377263,14.78,7.4,591.0
615,83.561,7.4,3561.0
649,17.268,7.4,664.0
575,12.428,7.4,891.0
242,45.008,7.4,5077.0
228203,14.236,7.4,630.0
101299,54.921,7.4,15213.0
94329,35.421,7.4,2773.0
13446,10.207,7.4,426.0
9461,20.8,7.4,1469.0
507505,15.922,7.4,474.0
491584,14.42,7.4,1212.0
164249,4.697,7.4,224.0
18917,6.283,7.4,256.0
10849,10.233,7.4,811.0
779,6.819,7.4,375.0
516486,28.708,7.4,2249.0
75233,7.425,7.4,302.0
114,45.365,7.4,6630.0
6644,16.412,7.4,397.0
3766,9.299,7.4,493.0
416494,25.729,7.4,440.0
25955,7.334,7.4,210.0
16646,9.763,7.4,360.0
161,40.275,7.4,9969.0
25623,10.859,7.4,444.0
13353,10.587,7.4,290.0
639,17.437,7.4,3307.0
481432,8.097,7.4,553.0
414425,10.909,7.4,1054.0
394117,14.582,7.4,2285.0
46919,11.682,7.4,236.0
20558,33.171,7.4,315.0
14073,12.001,7.4,201.0
13350,15.181,7.4,258.0
846214,117.711,7.4,560.0
615643,18.568,7.4,1176.0
49020,11.276,7.4,1221.0
514575,10.799,7.4,241.0
497698,191.059,7.4,8140.0
433247,17.22,7.4,565.0
763,19.072,7.4,1291.0
713,16.916,7.4,1182.0
492,20.546,7.4,3595.0
758866,18.765,7.4,762.0
637693,125.154,7.4,409.0
583689,19.691,7.4,666.0
427033,8.414,7.4,239.0
38985,7.967,7.4,346.0
121986,13.43,7.4,1237.0
626735,537.41,7.4,888.0
137106,32.88,7.4,6729.0
5723,14.585,7.4,1086.0
4476,23.559,7.4,2090.0
3080,9.566,7.4,228.0
2898,19.448,7.4,3109.0
686,23.159,7.4,3657.0
387426,32.702,7.4,3720.0
36095,11.21,7.4,290.0
13321,8.494,7.4,329.0
583406,20.479,7.4,1101.0
40823,6.926,7.4,287.0
39356,11.624,7.4,314.0
15764,10.151,7.4,706.0
12207,27.278,7.4,766.0
332270,22.103,7.4,359.0
11661,10.965,7.4,710.0
2767,9.635,7.4,241.0
2503,30.014,7.4,6607.0
462,21.901,7.4,2561.0
388,16.095,7.4,4851.0
406385,8.628,7.4,1114.0
233639,8.102,7.4,239.0
14433,9.519,7.4,400.0
3063,8.876,7.4,601.0
140,9.734,7.4,768.0
705996,113.48,7.4,200.0
303483,5.435,7.4,273.0
14698,5.894,7.4,216.0
11589,16.981,7.4,555.0
621,34.773,7.4,6254.0
19100,7.83,7.4,821.0
17654,57.409,7.4,8091.0
985939,6059.21,7.4,878.0
376867,20.209,7.4,6219.0
274109,22.046,7.4,472.0
258893,23.218,7.4,253.0
76589,38.521,7.4,709.0
37135,99.628,7.4,5781.0
3089,11.69,7.4,385.0
839,19.88,7.4,1464.0
353081,56.791,7.4,6774.0
260,11.604,7.4,727.0
14283,10.136,7.4,322.0
11416,17.52,7.4,1134.0
9462,21.598,7.4,882.0
4203,12.501,7.4,685.0
447332,66.631,7.4,11996.0
432616,8.991,7.4,365.0
14638,9.296,7.4,292.0
5123,26.315,7.4,2393.0
284054,101.817,7.4,19517.0
51828,43.741,7.4,3611.0
11236,15.684,7.4,747.0
9504,11.301,7.4,1036.0
853,33.431,7.4,2934.0
10867,45.833,7.4,1746.0
4710,6.54,7.4,281.0
8810,25.014,7.4,2968.0
2757,12.996,7.4,2030.0
446893,70.211,7.4,1793.0
417320,45.404,7.4,1386.0
28055,9.507,7.4,294.0
9361,19.407,7.4,2498.0
2291,16.025,7.4,1253.0
312221,234.126,7.4,6124.0
14645,6.436,7.4,810.0
9385,14.209,7.4,965.0
157354,15.474,7.4,1061.0
11943,14.367,7.4,468.0
463257,13.575,7.4,1048.0
289222,19.682,7.4,1326.0
111969,23.208,7.4,1706.0
88273,9.477,7.4,726.0
19120,11.252,7.4,236.0
427,13.303,7.4,406.0
17474,11.628,7.4,230.0
1245,13.149,7.4,997.0
1116,16.811,7.4,590.0
756,55.984,7.4,2562.0
146,15.14,7.4,2628.0
1895,39.382,7.4,11770.0
176,75.205,7.4,7623.0
489930,11.151,7.4,535.0
483980,31.687,7.4,558.0
38602,9.164,7.4,218.0
20620,7.64,7.4,256.0
11807,9.373,7.4,203.0
546121,41.062,7.4,1873.0
87827,51.428,7.4,11783.0
16320,20.158,7.4,2944.0
2798,6.759,7.4,398.0
64682,33.381,7.4,10758.0
1669,22.398,7.4,2680.0
153,20.498,7.4,6143.0
659959,19.796,7.4,567.0
13635,9.86,7.4,772.0
9065,7.589,7.4,227.0
7452,15.039,7.4,469.0
7294,6.043,7.4,231.0
1359,53.5,7.4,8390.0
205220,10.677,7.4,1393.0
7863,10.885,7.4,526.0
771,3.257,7.4,9228.0
522369,8.801,7.4,565.0
458131,17.738,7.4,336.0
39486,19.276,7.4,481.0
34647,15.702,7.4,1454.0
15774,10.272,7.4,247.0
13004,49.404,7.4,691.0
4011,44.399,7.4,5596.0
628,36.177,7.4,4834.0
350,61.524,7.4,10274.0
25866,8.665,7.4,527.0
687,12.539,7.4,1106.0
6404,18.859,7.4,624.0
249164,36.917,7.4,3862.0
165213,9.57,7.4,337.0
12716,8.989,7.4,237.0
8681,76.637,7.4,9725.0
2748,8.207,7.4,209.0
1542,19.446,7.4,2398.0
814,33.819,7.4,1876.0
802,32.359,7.4,1640.0
454626,107.452,7.4,8298.0
432836,12.284,7.4,220.0
273481,74.461,7.4,7157.0
245891,79.902,7.4,16119.0
113082,22.048,7.4,365.0
45317,17.394,7.4,3697.0
794,16.01,7.4,1584.0
760,9.921,7.4,796.0
590223,42.346,7.4,3229.0
9470,31.183,7.4,2207.0
1554,8.981,7.4,569.0
614587,13.343,7.4,240.0
242643,21.143,7.4,941.0
451751,12.825,7.4,211.0
10474,26.055,7.4,1609.0
4133,33.31,7.4,3736.0
759,13.396,7.4,717.0
43316,6.064,7.4,232.0
42994,11.689,7.4,290.0
2134,13.98,7.4,626.0
610120,6.518,7.4,345.0
109689,78.633,7.4,1571.0
90369,14.379,7.4,1007.0
12311,10.152,7.4,243.0
395991,33.186,7.4,1256.0
9454,23.637,7.4,1223.0
6003,16.838,7.4,537.0
2252,19.415,7.4,2674.0
840,18.828,7.4,3476.0
457,10.874,7.4,397.0
520172,19.148,7.4,882.0
245913,30.241,7.4,885.0
9571,14.336,7.4,1661.0
4147,17.298,7.4,2999.0
1429,15.54,7.4,1970.0
9426,24.755,7.4,3490.0
2639,8.301,7.4,747.0
488,11.275,7.4,726.0
574093,5.741,7.4,209.0
429174,17.013,7.4,616.0
37775,7.559,7.4,632.0
9662,10.286,7.4,755.0
4043,11.646,7.4,212.0
1645,24.367,7.4,1898.0
855,37.051,7.4,4716.0
571468,12.502,7.4,688.0
14554,9.055,7.4,277.0
11881,11.191,7.4,543.0
7249,15.601,7.4,513.0
6949,7.289,7.4,273.0
381,11.197,7.4,1197.0
474395,29.722,7.4,958.0
350312,37.295,7.4,553.0
315635,125.32,7.4,19087.0
80278,42.207,7.4,5522.0
33701,6.778,7.4,1030.0
17681,23.819,7.4,331.0
10024,21.413,7.4,1816.0
212167,22.286,7.4,314.0
4032,32.184,7.4,1724.0
470,15.676,7.4,2621.0
37211,40.579,7.4,263.0
33436,9.416,7.4,220.0
3121,9.677,7.4,291.0
22164,30.592,7.4,579.0
12776,7.645,7.4,909.0
504608,21.92,7.4,3937.0
9539,39.168,7.4,2130.0
2899,21.723,7.4,2797.0
594328,53.869,7.4,312.0
547258,5.928,7.4,302.0
25793,17.114,7.4,1392.0
10975,18.353,7.4,416.0
787428,6.882,7.4,289.0
132363,13.436,7.4,2592.0
81188,57.208,7.4,5784.0
11673,11.11,7.4,605.0
818750,123.236,7.4,456.0
307081,80.959,7.4,4811.0
10144,218.43,7.4,6621.0
545609,53.656,7.4,4655.0
140823,15.063,7.4,2924.0
36040,10.728,7.4,300.0
26405,7.889,7.4,204.0
14534,15.987,7.4,524.0
9652,8.415,7.4,385.0
476299,30.377,7.4,1934.0
401306,5.116,7.4,233.0
302528,9.814,7.4,581.0
38884,9.915,7.4,203.0
4232,61.183,7.4,5296.0
874,9.599,7.4,331.0
250,6.335,7.4,204.0
298582,10.539,7.4,312.0
261470,39.318,7.4,349.0
65754,18.083,7.4,5968.0
15601,35.233,7.4,423.0
399404,27.957,7.4,4439.0
265712,52.018,7.4,384.0
259316,75.27,7.4,17035.0
53565,9.243,7.4,396.0
37094,22.481,7.4,2980.0
632617,21.421,7.3,381.0
374461,8.797,7.3,383.0
75656,70.936,7.3,13937.0
12902,18.19,7.3,348.0
11426,10.61,7.3,489.0
8056,8.972,7.3,238.0
658,20.491,7.3,2924.0
416477,15.063,7.3,2084.0
293670,17.032,7.3,1307.0
11948,13.055,7.4,343.0
10234,15.392,7.3,1422.0
116,21.454,7.3,3503.0
433498,26.334,7.3,1564.0
304357,13.971,7.3,1210.0
13188,11.21,7.3,222.0
801,16.103,7.3,2183.0
184,20.166,7.3,5387.0
535356,12.385,7.3,331.0
379291,34.242,7.3,729.0
46838,20.789,7.3,2243.0
23550,6.391,7.3,455.0
15362,6.118,7.3,724.0
88,21.593,7.3,5234.0
765245,28.298,7.3,352.0
420814,27.128,7.3,2353.0
14551,10.147,7.3,272.0
10437,13.225,7.3,717.0
342737,16.422,7.3,987.0
271674,10.039,7.3,1001.0
239877,8.787,7.3,1029.0
82695,17.424,7.3,4693.0
16307,12.831,7.3,1020.0
15080,16.386,7.3,825.0
420809,93.284,7.3,5182.0
47735,10.205,7.3,259.0
37799,30.295,7.3,10296.0
15003,16.134,7.3,391.0
11644,13.724,7.3,1084.0
2666,21.616,7.3,2259.0
892,11.484,7.3,1128.0
40794,8.775,7.3,686.0
1791,17.174,7.3,844.0
276624,21.75,7.3,294.0
19673,10.129,7.3,224.0
4107,7.972,7.3,243.0
1923,15.455,7.3,1543.0
1427,100.048,7.3,3779.0
987,10.355,7.3,267.0
425,162.212,7.3,11392.0
283591,16.149,7.3,235.0
54138,33.181,7.3,8153.0
21484,22.589,7.3,728.0
11816,12.03,7.3,357.0
11101,20.528,7.3,437.0
2640,14.87,7.3,1353.0
537681,11.271,7.3,202.0
286192,8.895,7.3,924.0
38142,38.576,7.3,1562.0
36940,8.214,7.3,470.0
10794,13.72,7.3,593.0
498248,22.203,7.3,758.0
483306,5.972,7.3,212.0
10911,17.704,7.3,603.0
1594,11.153,7.3,404.0
180,20.56,7.3,7315.0
428836,17.245,7.3,390.0
413279,9.931,7.3,438.0
22803,118.72,7.3,4154.0
19666,11.605,7.3,440.0
965,6.229,7.3,312.0
3109,10.321,7.3,391.0
2841,9.378,7.3,981.0
438146,8.299,7.3,238.0
318846,33.846,7.3,7651.0
18874,10.478,7.3,209.0
2756,22.059,7.3,2312.0
58,131.403,7.3,13840.0
169881,18.582,7.3,915.0
79120,9.987,7.3,444.0
50848,5.88,7.3,254.0
11206,9.266,7.3,398.0
902,11.844,7.3,844.0
497582,36.681,7.3,4619.0
467909,15.55,7.3,523.0
284689,10.35,7.3,678.0
12554,9.661,7.3,234.0
11230,26.114,7.3,728.0
690,8.99,7.3,374.0
508642,45.934,7.3,414.0
381288,79.842,7.3,15319.0
13199,16.757,7.3,275.0
850,14.995,7.3,986.0
614696,54.213,7.3,1358.0
77016,19.063,7.3,2703.0
21956,23.208,7.3,264.0
13949,12.391,7.3,239.0
9589,17.102,7.3,1087.0
590,11.341,7.3,1389.0
57361,9.755,7.3,372.0
104,15.111,7.3,1781.0
362045,9.539,7.3,227.0
360606,19.964,7.3,332.0
65229,11.369,7.3,564.0
20312,11.57,7.3,511.0
4543,17.498,7.3,1512.0
